,citing author name,citing paper title,cited paper title,affiliation,latitude,longitude,county,city,state,country
0,Atonu Ghosh,A systematic review of log-based cloud forensics,An anonymous blockchain-based logging system for cloud computing,Indian Institute of Technology Kharagpur,22.3144275,87.310392,Kharagpur-I,Kharagpur,West Bengal,India
1,Atonu Ghosh,A systematic review of log-based cloud forensics,An anonymous blockchain-based logging system for cloud computing,"Ph.D. Research Scholar, Indian Institute of Technology Kharagpur",,,,,,
2,C.R. Ramakrishnan,A Comprehensive Protocol Stack for Quantum Networks with a Global Entanglement Module,Co-Design of Network Topology and Qubit Allocation for Distributed Quantum Computing,"Professor of Computer Science, Stony Brook University",,,,,,
3,C.R. Ramakrishnan,A Comprehensive Protocol Stack for Quantum Networks with a Global Entanglement Module,Co-Design of Network Topology and Qubit Allocation for Distributed Quantum Computing,Stony Brook University,40.9090809,-73.1205518,Suffolk County,,New York,United States
4,C.R. Ramakrishnan,A Comprehensive Protocol Stack for Quantum Networks with a Global Entanglement Module,Optimal entanglement distribution problem in satellite-based quantum networks,"Professor of Computer Science, Stony Brook University",,,,,,
5,C.R. Ramakrishnan,A Comprehensive Protocol Stack for Quantum Networks with a Global Entanglement Module,Optimal entanglement distribution problem in satellite-based quantum networks,Stony Brook University,40.9090809,-73.1205518,Suffolk County,,New York,United States
6,C.R. Ramakrishnan,A Comprehensive Protocol Stack for Quantum Networks with a Global Entanglement Module,Topology design with resource allocation and entanglement distribution for quantum networks,"Professor of Computer Science, Stony Brook University",,,,,,
7,C.R. Ramakrishnan,A Comprehensive Protocol Stack for Quantum Networks with a Global Entanglement Module,Topology design with resource allocation and entanglement distribution for quantum networks,Stony Brook University,40.9090809,-73.1205518,Suffolk County,,New York,United States
8,"Cheng-Zhong Xu, IEEE Fellow",Joint participant and learning topology selection for federated learning in edge clouds,"Group-based hierarchical federated learning: Convergence, group formation, and sampling",Macao SAR,41.0119195,8.8772224,Gallura Nord-Est Sardegna,,Sardinia,Italy
9,"Cheng-Zhong Xu, IEEE Fellow",Joint participant and learning topology selection for federated learning in edge clouds,"Group-based hierarchical federated learning: Convergence, group formation, and sampling",University of Macau,22.1283648,113.5437784,嘉模堂區 Nossa Senhora do Carmo,Macau,Macau,China
10,"Cheng-Zhong Xu, IEEE Fellow",Joint participant and learning topology selection for federated learning in edge clouds,Joint participant selection and learning optimization for federated learning of multiple models in edge cloud,Macao SAR,41.0119195,8.8772224,Gallura Nord-Est Sardegna,,Sardinia,Italy
11,"Cheng-Zhong Xu, IEEE Fellow",Joint participant and learning topology selection for federated learning in edge clouds,Joint participant selection and learning optimization for federated learning of multiple models in edge cloud,University of Macau,22.1283648,113.5437784,嘉模堂區 Nossa Senhora do Carmo,Macau,Macau,China
12,"Cheng-Zhong Xu, IEEE Fellow",Joint participant and learning topology selection for federated learning in edge clouds,Joint participant selection and learning scheduling for multi-model federated edge learning,Macao SAR,41.0119195,8.8772224,Gallura Nord-Est Sardegna,,Sardinia,Italy
13,"Cheng-Zhong Xu, IEEE Fellow",Joint participant and learning topology selection for federated learning in edge clouds,Joint participant selection and learning scheduling for multi-model federated edge learning,University of Macau,22.1283648,113.5437784,嘉模堂區 Nossa Senhora do Carmo,Macau,Macau,China
14,"Cheng-Zhong Xu, IEEE Fellow",Joint participant and learning topology selection for federated learning in edge clouds,Participant selection for hierarchical federated learning in edge clouds,Macao SAR,41.0119195,8.8772224,Gallura Nord-Est Sardegna,,Sardinia,Italy
15,"Cheng-Zhong Xu, IEEE Fellow",Joint participant and learning topology selection for federated learning in edge clouds,Participant selection for hierarchical federated learning in edge clouds,University of Macau,22.1283648,113.5437784,嘉模堂區 Nossa Senhora do Carmo,Macau,Macau,China
16,Debashis De,A systematic review of log-based cloud forensics,An anonymous blockchain-based logging system for cloud computing,Maulana Abul Kalam Azad University of Technology,22.5964916,88.4174395,Bidhannagar,Bidhannagar,West Bengal,India
17,Debashis De,A systematic review of log-based cloud forensics,An anonymous blockchain-based logging system for cloud computing,"Professor,Maulana Abul Kalam Azad University of Technology,West Bengal",,,,,,
18,Debashis De,A systematic review of log-based cloud forensics,An anonymous blockchain-based logging system for cloud computing,West Bengal,22.9964948,87.6855882,Kotulpur,,West Bengal,India
19,Dezhong Yao,Rethinking personalized federated learning from knowledge perspective,"Group-based hierarchical federated learning: Convergence, group formation, and sampling",Huazhong University of Science,30.5202172,114.4118463,,Hongshan District,Hubei,China
20,Dezhong Yao,Rethinking personalized federated learning from knowledge perspective,"Group-based hierarchical federated learning: Convergence, group formation, and sampling",Huazhong University of Science and Technology,30.5202172,114.4118463,,Hongshan District,Hubei,China
21,Dezhong Yao,Rethinking personalized federated learning from knowledge perspective,"Group-based hierarchical federated learning: Convergence, group formation, and sampling",Technology,42.3582529,-71.0966272,Middlesex County,Cambridge,Massachusetts,United States
22,Diep N. Nguyen,Right Reward Right Time for Federated Learning,Incentive mechanism design in semi-asynchronous blockchain-based federated learning,University of Technology Sydney,-33.8832536,151.2003294,,Sydney,New South Wales,Australia
23,Fan Wu,From Non-IID to IID: Mobility-aware Hierarchical Federated Learning with Client-Edge Association Control,"Group-based hierarchical federated learning: Convergence, group formation, and sampling","Professor, School of Computer Science, Shanghai Jiao Tong University",,,,,,
24,Fan Wu,From Non-IID to IID: Mobility-aware Hierarchical Federated Learning with Client-Edge Association Control,"Group-based hierarchical federated learning: Convergence, group formation, and sampling",School of Computer Science,,,,,,
25,Fan Wu,From Non-IID to IID: Mobility-aware Hierarchical Federated Learning with Client-Edge Association Control,"Group-based hierarchical federated learning: Convergence, group formation, and sampling",Shanghai Jiao Tong University,31.2008912,121.4283949,,Xuhui District,Shanghai,China
26,Fan Wu,MIDDLE: A Mobility-Driven Device-Edge-Cloud Federated Learning Framework,"Group-based hierarchical federated learning: Convergence, group formation, and sampling","Professor, School of Computer Science, Shanghai Jiao Tong University",,,,,,
27,Fan Wu,MIDDLE: A Mobility-Driven Device-Edge-Cloud Federated Learning Framework,"Group-based hierarchical federated learning: Convergence, group formation, and sampling",School of Computer Science,,,,,,
28,Fan Wu,MIDDLE: A Mobility-Driven Device-Edge-Cloud Federated Learning Framework,"Group-based hierarchical federated learning: Convergence, group formation, and sampling",Shanghai Jiao Tong University,31.2008912,121.4283949,,Xuhui District,Shanghai,China
29,Francesco Vista,A Sigmoid-Based Optimization Approach for Multi-UAV-Aided IRS-Assisted Quantum Entanglement Distribution in FSO Networks,Optimal entanglement distribution problem in satellite-based quantum networks,Postdoctoral Research Associate at University of Luxembourg,,,,,,
30,Francesco Vista,A Sigmoid-Based Optimization Approach for Multi-UAV-Aided IRS-Assisted Quantum Entanglement Distribution in FSO Networks,Optimal entanglement distribution problem in satellite-based quantum networks,University of Luxembourg,49.5036259,5.9487155,Canton Esch-sur-Alzette,,,Luxembourg
31,Gao Zhibin, A Review on Federated Learning Architectures for Privacy-Preserving AI: Lightweight and Secure Cloud–Edge–End Collaboration,Group formation and sampling in group-based hierarchical federated learning,Jimei University,24.5827448,118.0897804,Xiamen,Jimei,Fujian,China
32,Gao Zhibin, A Review on Federated Learning Architectures for Privacy-Preserving AI: Lightweight and Secure Cloud–Edge–End Collaboration,Group formation and sampling in group-based hierarchical federated learning,"Professor of Communications, Jimei University",,,,,,
33,Giovanni Iacovelli,A Sigmoid-Based Optimization Approach for Multi-UAV-Aided IRS-Assisted Quantum Entanglement Distribution in FSO Networks,Optimal entanglement distribution problem in satellite-based quantum networks,Research Associate at University of Luxembourg,,,,,,
34,Giovanni Iacovelli,A Sigmoid-Based Optimization Approach for Multi-UAV-Aided IRS-Assisted Quantum Entanglement Distribution in FSO Networks,Optimal entanglement distribution problem in satellite-based quantum networks,University of Luxembourg,49.5036259,5.9487155,Canton Esch-sur-Alzette,,,Luxembourg
35,Guihai Chen,From Non-IID to IID: Mobility-aware Hierarchical Federated Learning with Client-Edge Association Control,"Group-based hierarchical federated learning: Convergence, group formation, and sampling",Professor of Computer Science,,,,,,
36,Guoliang Xue,QuESat: Satellite-Assisted Quantum Internet for Global-Scale Entanglement Distribution,Optimal entanglement distribution problem in satellite-based quantum networks,Arizona State University,33.4213174,-111.9331631,Maricopa County,Tempe,Arizona,United States
37,Guoliang Xue,QuESat: Satellite-Assisted Quantum Internet for Global-Scale Entanglement Distribution,Optimal entanglement distribution problem in satellite-based quantum networks,Engineering,,,,,,
38,Guoliang Xue,QuESat: Satellite-Assisted Quantum Internet for Global-Scale Entanglement Distribution,Optimal entanglement distribution problem in satellite-based quantum networks,"Professor of Computer Science and Engineering, Arizona State University",,,,,,
39,Haibo Liu,From Non-IID to IID: Mobility-aware Hierarchical Federated Learning with Client-Edge Association Control,"Group-based hierarchical federated learning: Convergence, group formation, and sampling",Shanghai Jiao Tong University,31.2008912,121.4283949,,Xuhui District,Shanghai,China
40,Haitao Zhao,Client scheduling for multiserver federated learning in industrial IoT with unreliable communications,Participant selection for hierarchical federated learning in edge clouds,Nanjing University of Posts,32.1152717,118.9259566,,Qixia District,Jiangsu,China
41,Haitao Zhao,Client scheduling for multiserver federated learning in industrial IoT with unreliable communications,Participant selection for hierarchical federated learning in edge clouds,Nanjing University of Posts and Telecommunications,32.1152717,118.9259566,,Qixia District,Jiangsu,China
42,Haitao Zhao,Client scheduling for multiserver federated learning in industrial IoT with unreliable communications,Participant selection for hierarchical federated learning in edge clouds,Telecommunications,-30.405844,27.7075546,,,Quthing District,Lesotho
43,Han-Chieh Chao, A Review on Federated Learning Architectures for Privacy-Preserving AI: Lightweight and Secure Cloud–Edge–End Collaboration,Group formation and sampling in group-based hierarchical federated learning,"Chair Professor of Applied Informatics , Fo Guang University",,,,,,
44,Han-Chieh Chao, A Review on Federated Learning Architectures for Privacy-Preserving AI: Lightweight and Secure Cloud–Edge–End Collaboration,Group formation and sampling in group-based hierarchical federated learning,Fo Guang University,23.2104623,112.8502913,,Sanshui District,Guangdong,China
45,Haozhao Wang,Unleashing the power of continual learning on non-centralized devices: A survey,"Group-based hierarchical federated learning: Convergence, group formation, and sampling",Huazhong University of Science,30.5202172,114.4118463,,Hongshan District,Hubei,China
46,Haozhao Wang,Unleashing the power of continual learning on non-centralized devices: A survey,"Group-based hierarchical federated learning: Convergence, group formation, and sampling",Huazhong University of Science and Technology,30.5202172,114.4118463,,Hongshan District,Hubei,China
47,Haozhao Wang,Unleashing the power of continual learning on non-centralized devices: A survey,"Group-based hierarchical federated learning: Convergence, group formation, and sampling",Technology,42.3582529,-71.0966272,Middlesex County,Cambridge,Massachusetts,United States
48,Himanshu Gupta,A Comprehensive Protocol Stack for Quantum Networks with a Global Entanglement Module,Co-Design of Network Topology and Qubit Allocation for Distributed Quantum Computing,"Professor, Stony Brook University",,,,,,
49,Himanshu Gupta,A Comprehensive Protocol Stack for Quantum Networks with a Global Entanglement Module,Co-Design of Network Topology and Qubit Allocation for Distributed Quantum Computing,Stony Brook University,40.9090809,-73.1205518,Suffolk County,,New York,United States
50,Himanshu Gupta,A Comprehensive Protocol Stack for Quantum Networks with a Global Entanglement Module,Optimal entanglement distribution problem in satellite-based quantum networks,"Professor, Stony Brook University",,,,,,
51,Himanshu Gupta,A Comprehensive Protocol Stack for Quantum Networks with a Global Entanglement Module,Optimal entanglement distribution problem in satellite-based quantum networks,Stony Brook University,40.9090809,-73.1205518,Suffolk County,,New York,United States
52,Himanshu Gupta,A Comprehensive Protocol Stack for Quantum Networks with a Global Entanglement Module,Topology design with resource allocation and entanglement distribution for quantum networks,"Professor, Stony Brook University",,,,,,
53,Himanshu Gupta,A Comprehensive Protocol Stack for Quantum Networks with a Global Entanglement Module,Topology design with resource allocation and entanglement distribution for quantum networks,Stony Brook University,40.9090809,-73.1205518,Suffolk County,,New York,United States
54,Hongchang Gao,Group formation and sampling in group-based hierarchical federated learning,"Group-based hierarchical federated learning: Convergence, group formation, and sampling",Temple University,39.981188,-75.1562828,Philadelphia County,Philadelphia,Pennsylvania,United States
55,Hongchang Gao,Group formation and sampling in group-based hierarchical federated learning,Joint participant selection and learning optimization for federated learning of multiple models in edge cloud,Temple University,39.981188,-75.1562828,Philadelphia County,Philadelphia,Pennsylvania,United States
56,Hongchang Gao,Group formation and sampling in group-based hierarchical federated learning,Joint participant selection and learning scheduling for multi-model federated edge learning,Temple University,39.981188,-75.1562828,Philadelphia County,Philadelphia,Pennsylvania,United States
57,Hongchang Gao,Group formation and sampling in group-based hierarchical federated learning,Participant selection for hierarchical federated learning in edge clouds,Temple University,39.981188,-75.1562828,Philadelphia County,Philadelphia,Pennsylvania,United States
58,Hongchang Gao,"Group-based hierarchical federated learning: Convergence, group formation, and sampling",Participant selection for hierarchical federated learning in edge clouds,Temple University,39.981188,-75.1562828,Philadelphia County,Philadelphia,Pennsylvania,United States
59,Huayue Gu,QuESat: Satellite-Assisted Quantum Internet for Global-Scale Entanglement Distribution,Optimal entanglement distribution problem in satellite-based quantum networks,North Carolina State University,35.7718497,-78.674087,Wake County,Raleigh,North Carolina,United States
60,Jian Tang,Group-based Federated Learning with Cost-efficient Sampling Mechanism in Mobile Edge Computing Networks,"Group-based hierarchical federated learning: Convergence, group formation, and sampling",Chongqing University,29.5699826,106.4597701,,Shapingba District,Chongqing,China
61,Jianan Hong,Solving Data Contamination in DDoS Detection: A Method Based on Hierarchical Federated Learning,"Group-based hierarchical federated learning: Convergence, group formation, and sampling",Shanghai Jiao Tong University,31.2008912,121.4283949,,Xuhui District,Shanghai,China
62,Jiaping Gui,Solving Data Contamination in DDoS Detection: A Method Based on Hierarchical Federated Learning,"Group-based hierarchical federated learning: Convergence, group formation, and sampling","Assistant Professor, Shanghai Jiao Tong University",,,,,,
63,Jiaping Gui,Solving Data Contamination in DDoS Detection: A Method Based on Hierarchical Federated Learning,"Group-based hierarchical federated learning: Convergence, group formation, and sampling",Shanghai Jiao Tong University,31.2008912,121.4283949,,Xuhui District,Shanghai,China
64,Jiyao Liu,Co-Design of Network Topology and Qubit Allocation for Distributed Quantum Computing,Optimal entanglement distribution problem in satellite-based quantum networks,Temple University,39.981188,-75.1562828,Philadelphia County,Philadelphia,Pennsylvania,United States
65,Jiyao Liu,Co-Design of Network Topology and Qubit Allocation for Distributed Quantum Computing,Topology design with resource allocation and entanglement distribution for quantum networks,Temple University,39.981188,-75.1562828,Philadelphia County,Philadelphia,Pennsylvania,United States
66,Jiyao Liu,Group formation and sampling in group-based hierarchical federated learning,"Group-based hierarchical federated learning: Convergence, group formation, and sampling",Temple University,39.981188,-75.1562828,Philadelphia County,Philadelphia,Pennsylvania,United States
67,Jiyao Liu,Group formation and sampling in group-based hierarchical federated learning,Joint participant selection and learning optimization for federated learning of multiple models in edge cloud,Temple University,39.981188,-75.1562828,Philadelphia County,Philadelphia,Pennsylvania,United States
68,Jiyao Liu,Group formation and sampling in group-based hierarchical federated learning,Joint participant selection and learning scheduling for multi-model federated edge learning,Temple University,39.981188,-75.1562828,Philadelphia County,Philadelphia,Pennsylvania,United States
69,Jiyao Liu,Group formation and sampling in group-based hierarchical federated learning,Participant selection for hierarchical federated learning in edge clouds,Temple University,39.981188,-75.1562828,Philadelphia County,Philadelphia,Pennsylvania,United States
70,Jiyao Liu,"Group-based hierarchical federated learning: Convergence, group formation, and sampling",Participant selection for hierarchical federated learning in edge clouds,Temple University,39.981188,-75.1562828,Philadelphia County,Philadelphia,Pennsylvania,United States
71,Jiyao Liu,Hybrid quantum-classical computing via Dantzig-Wolfe decomposition for integer linear programming,Optimal entanglement distribution problem in satellite-based quantum networks,Temple University,39.981188,-75.1562828,Philadelphia County,Philadelphia,Pennsylvania,United States
72,Jiyao Liu,Joint Swapping and Purification with Failures for Entanglement Distribution in Quantum Networks,Co-Design of Network Topology and Qubit Allocation for Distributed Quantum Computing,Temple University,39.981188,-75.1562828,Philadelphia County,Philadelphia,Pennsylvania,United States
73,Jiyao Liu,Joint Swapping and Purification with Failures for Entanglement Distribution in Quantum Networks,Optimal entanglement distribution problem in satellite-based quantum networks,Temple University,39.981188,-75.1562828,Philadelphia County,Philadelphia,Pennsylvania,United States
74,Jiyao Liu,Joint Swapping and Purification with Failures for Entanglement Distribution in Quantum Networks,Topology design with resource allocation and entanglement distribution for quantum networks,Temple University,39.981188,-75.1562828,Philadelphia County,Philadelphia,Pennsylvania,United States
75,Jiyao Liu,Joint participant selection and learning optimization for federated learning of multiple models in edge cloud,"Group-based hierarchical federated learning: Convergence, group formation, and sampling",Temple University,39.981188,-75.1562828,Philadelphia County,Philadelphia,Pennsylvania,United States
76,Jiyao Liu,Joint participant selection and learning optimization for federated learning of multiple models in edge cloud,Joint participant selection and learning scheduling for multi-model federated edge learning,Temple University,39.981188,-75.1562828,Philadelphia County,Philadelphia,Pennsylvania,United States
77,Jiyao Liu,Joint participant selection and learning optimization for federated learning of multiple models in edge cloud,Participant selection for hierarchical federated learning in edge clouds,Temple University,39.981188,-75.1562828,Philadelphia County,Philadelphia,Pennsylvania,United States
78,Jiyao Liu,Joint participant selection and learning scheduling for multi-model federated edge learning,Participant selection for hierarchical federated learning in edge clouds,Temple University,39.981188,-75.1562828,Philadelphia County,Philadelphia,Pennsylvania,United States
79,Jiyao Liu,Participant selection for hierarchical federated learning in edge clouds,Joint participant selection and learning scheduling for multi-model federated edge learning,Temple University,39.981188,-75.1562828,Philadelphia County,Philadelphia,Pennsylvania,United States
80,Jiyao Liu,Quantum-Assisted Resource Management for Data Access in Space-Air-Ground Integrated Networks,Hybrid quantum-classical computing via Dantzig-Wolfe decomposition for integer linear programming,Temple University,39.981188,-75.1562828,Philadelphia County,Philadelphia,Pennsylvania,United States
81,Jiyao Liu,Quantum-Assisted Resource Management for Data Access in Space-Air-Ground Integrated Networks,Optimal entanglement distribution problem in satellite-based quantum networks,Temple University,39.981188,-75.1562828,Philadelphia County,Philadelphia,Pennsylvania,United States
82,Jiyao Liu,Topology design with resource allocation and entanglement distribution for quantum networks,Optimal entanglement distribution problem in satellite-based quantum networks,Temple University,39.981188,-75.1562828,Philadelphia County,Philadelphia,Pennsylvania,United States
83,Johannes Knörzer,Distributed Quantum Information Processing: A Review of Recent Progress,Co-Design of Network Topology and Qubit Allocation for Distributed Quantum Computing,ETH Zurich,47.413218,8.5374914,District Zurich,Zurich,Zurich,Switzerland
84,Jordi Tura i Brugués,Distributed Quantum Information Processing: A Review of Recent Progress,Co-Design of Network Topology and Qubit Allocation for Distributed Quantum Computing,Leiden University,52.1686355,4.4597028,,Leiden,South Holland,Netherlands
85,Kejiang Ye,Joint participant and learning topology selection for federated learning in edge clouds,"Group-based hierarchical federated learning: Convergence, group formation, and sampling",Chinese Academy of Sciences,39.9093367,116.3297146,,Beijing,Beijing,China
86,Kejiang Ye,Joint participant and learning topology selection for federated learning in edge clouds,"Group-based hierarchical federated learning: Convergence, group formation, and sampling","Professor, Shenzhen Institutes of Advanced Technology, Chinese Academy of Sciences",,,,,,
87,Kejiang Ye,Joint participant and learning topology selection for federated learning in edge clouds,"Group-based hierarchical federated learning: Convergence, group formation, and sampling",Shenzhen Institutes of Advanced Technology,22.598056,113.9853378,,Nanshan District,Guangdong,China
88,Kejiang Ye,Joint participant and learning topology selection for federated learning in edge clouds,Joint participant selection and learning optimization for federated learning of multiple models in edge cloud,Chinese Academy of Sciences,39.9093367,116.3297146,,Beijing,Beijing,China
89,Kejiang Ye,Joint participant and learning topology selection for federated learning in edge clouds,Joint participant selection and learning optimization for federated learning of multiple models in edge cloud,"Professor, Shenzhen Institutes of Advanced Technology, Chinese Academy of Sciences",,,,,,
90,Kejiang Ye,Joint participant and learning topology selection for federated learning in edge clouds,Joint participant selection and learning optimization for federated learning of multiple models in edge cloud,Shenzhen Institutes of Advanced Technology,22.598056,113.9853378,,Nanshan District,Guangdong,China
91,Kejiang Ye,Joint participant and learning topology selection for federated learning in edge clouds,Joint participant selection and learning scheduling for multi-model federated edge learning,Chinese Academy of Sciences,39.9093367,116.3297146,,Beijing,Beijing,China
92,Kejiang Ye,Joint participant and learning topology selection for federated learning in edge clouds,Joint participant selection and learning scheduling for multi-model federated edge learning,"Professor, Shenzhen Institutes of Advanced Technology, Chinese Academy of Sciences",,,,,,
93,Kejiang Ye,Joint participant and learning topology selection for federated learning in edge clouds,Joint participant selection and learning scheduling for multi-model federated edge learning,Shenzhen Institutes of Advanced Technology,22.598056,113.9853378,,Nanshan District,Guangdong,China
94,Kejiang Ye,Joint participant and learning topology selection for federated learning in edge clouds,Participant selection for hierarchical federated learning in edge clouds,Chinese Academy of Sciences,39.9093367,116.3297146,,Beijing,Beijing,China
95,Kejiang Ye,Joint participant and learning topology selection for federated learning in edge clouds,Participant selection for hierarchical federated learning in edge clouds,"Professor, Shenzhen Institutes of Advanced Technology, Chinese Academy of Sciences",,,,,,
96,Kejiang Ye,Joint participant and learning topology selection for federated learning in edge clouds,Participant selection for hierarchical federated learning in edge clouds,Shenzhen Institutes of Advanced Technology,22.598056,113.9853378,,Nanshan District,Guangdong,China
97,Kun Guo (郭坤),Client scheduling for multiserver federated learning in industrial IoT with unreliable communications,Participant selection for hierarchical federated learning in edge clouds,East China Normal University,31.2284923,121.4021139,,Putuo District,Shanghai,China
98,Lei Fan,Co-Design of Network Topology and Qubit Allocation for Distributed Quantum Computing,Optimal entanglement distribution problem in satellite-based quantum networks,"Assistant Professor, University of Houston",,,,,,
99,Lei Fan,Co-Design of Network Topology and Qubit Allocation for Distributed Quantum Computing,Optimal entanglement distribution problem in satellite-based quantum networks,University of Houston,29.7207902,-95.3440627,Harris County,Houston,Texas,United States
100,Lei Fan,Co-Design of Network Topology and Qubit Allocation for Distributed Quantum Computing,Topology design with resource allocation and entanglement distribution for quantum networks,"Assistant Professor, University of Houston",,,,,,
101,Lei Fan,Co-Design of Network Topology and Qubit Allocation for Distributed Quantum Computing,Topology design with resource allocation and entanglement distribution for quantum networks,University of Houston,29.7207902,-95.3440627,Harris County,Houston,Texas,United States
102,Lei Fan,Entanglement from sky: Optimizing satellite-based entanglement distribution for quantum networks,Hybrid quantum-classical computing via Dantzig-Wolfe decomposition for integer linear programming,"Assistant Professor, University of Houston",,,,,,
103,Lei Fan,Entanglement from sky: Optimizing satellite-based entanglement distribution for quantum networks,Hybrid quantum-classical computing via Dantzig-Wolfe decomposition for integer linear programming,University of Houston,29.7207902,-95.3440627,Harris County,Houston,Texas,United States
104,Lei Fan,Entanglement from sky: Optimizing satellite-based entanglement distribution for quantum networks,Optimal entanglement distribution problem in satellite-based quantum networks,"Assistant Professor, University of Houston",,,,,,
105,Lei Fan,Entanglement from sky: Optimizing satellite-based entanglement distribution for quantum networks,Optimal entanglement distribution problem in satellite-based quantum networks,University of Houston,29.7207902,-95.3440627,Harris County,Houston,Texas,United States
106,Lei Fan,Hybrid quantum-classical benders' decomposition for federated learning scheduling in distributed networks,"Group-based hierarchical federated learning: Convergence, group formation, and sampling","Assistant Professor, University of Houston",,,,,,
107,Lei Fan,Hybrid quantum-classical benders' decomposition for federated learning scheduling in distributed networks,"Group-based hierarchical federated learning: Convergence, group formation, and sampling",University of Houston,29.7207902,-95.3440627,Harris County,Houston,Texas,United States
108,Lei Fan,Hybrid quantum-classical benders' decomposition for federated learning scheduling in distributed networks,Joint participant selection and learning scheduling for multi-model federated edge learning,"Assistant Professor, University of Houston",,,,,,
109,Lei Fan,Hybrid quantum-classical benders' decomposition for federated learning scheduling in distributed networks,Joint participant selection and learning scheduling for multi-model federated edge learning,University of Houston,29.7207902,-95.3440627,Harris County,Houston,Texas,United States
110,Lei Fan,Hybrid quantum-classical benders' decomposition for federated learning scheduling in distributed networks,Participant selection for hierarchical federated learning in edge clouds,"Assistant Professor, University of Houston",,,,,,
111,Lei Fan,Hybrid quantum-classical benders' decomposition for federated learning scheduling in distributed networks,Participant selection for hierarchical federated learning in edge clouds,University of Houston,29.7207902,-95.3440627,Harris County,Houston,Texas,United States
112,Lei Fan,Hybrid quantum-classical computing via Dantzig-Wolfe decomposition for integer linear programming,Optimal entanglement distribution problem in satellite-based quantum networks,"Assistant Professor, University of Houston",,,,,,
113,Lei Fan,Hybrid quantum-classical computing via Dantzig-Wolfe decomposition for integer linear programming,Optimal entanglement distribution problem in satellite-based quantum networks,University of Houston,29.7207902,-95.3440627,Harris County,Houston,Texas,United States
114,Lei Fan,Optimizing satellite-based entanglement distribution in quantum networks via quantum-assisted approaches,Hybrid quantum-classical computing via Dantzig-Wolfe decomposition for integer linear programming,"Assistant Professor, University of Houston",,,,,,
115,Lei Fan,Optimizing satellite-based entanglement distribution in quantum networks via quantum-assisted approaches,Hybrid quantum-classical computing via Dantzig-Wolfe decomposition for integer linear programming,University of Houston,29.7207902,-95.3440627,Harris County,Houston,Texas,United States
116,Lei Fan,Optimizing satellite-based entanglement distribution in quantum networks via quantum-assisted approaches,Optimal entanglement distribution problem in satellite-based quantum networks,"Assistant Professor, University of Houston",,,,,,
117,Lei Fan,Optimizing satellite-based entanglement distribution in quantum networks via quantum-assisted approaches,Optimal entanglement distribution problem in satellite-based quantum networks,University of Houston,29.7207902,-95.3440627,Harris County,Houston,Texas,United States
118,Lei Fan,Quantum assisted scheduling algorithm for federated learning in distributed networks,Joint participant selection and learning scheduling for multi-model federated edge learning,"Assistant Professor, University of Houston",,,,,,
119,Lei Fan,Quantum assisted scheduling algorithm for federated learning in distributed networks,Joint participant selection and learning scheduling for multi-model federated edge learning,University of Houston,29.7207902,-95.3440627,Harris County,Houston,Texas,United States
120,Lei Fan,Quantum assisted scheduling algorithm for federated learning in distributed networks,Participant selection for hierarchical federated learning in edge clouds,"Assistant Professor, University of Houston",,,,,,
121,Lei Fan,Quantum assisted scheduling algorithm for federated learning in distributed networks,Participant selection for hierarchical federated learning in edge clouds,University of Houston,29.7207902,-95.3440627,Harris County,Houston,Texas,United States
122,Lei Fan,Quantum-Assisted Resource Management for Data Access in Space-Air-Ground Integrated Networks,Hybrid quantum-classical computing via Dantzig-Wolfe decomposition for integer linear programming,"Assistant Professor, University of Houston",,,,,,
123,Lei Fan,Quantum-Assisted Resource Management for Data Access in Space-Air-Ground Integrated Networks,Hybrid quantum-classical computing via Dantzig-Wolfe decomposition for integer linear programming,University of Houston,29.7207902,-95.3440627,Harris County,Houston,Texas,United States
124,Lei Fan,Quantum-Assisted Resource Management for Data Access in Space-Air-Ground Integrated Networks,Optimal entanglement distribution problem in satellite-based quantum networks,"Assistant Professor, University of Houston",,,,,,
125,Lei Fan,Quantum-Assisted Resource Management for Data Access in Space-Air-Ground Integrated Networks,Optimal entanglement distribution problem in satellite-based quantum networks,University of Houston,29.7207902,-95.3440627,Harris County,Houston,Texas,United States
126,Maria Diamanti,Autonomous Node Selection for Improved Accuracy in Multi-Model Federated Learning,Joint participant selection and learning scheduling for multi-model federated edge learning,National Technical University of Athens,37.9878502,23.7318258,Regional Unit of Central Athens,Athens,Attica,Greece
127,Maria Diamanti,Autonomous Node Selection for Improved Accuracy in Multi-Model Federated Learning,Joint participant selection and learning scheduling for multi-model federated edge learning,Postdoctoral Researcher,,,,,,
128,Maria Diamanti,Autonomous Node Selection for Improved Accuracy in Multi-Model Federated Learning,Joint participant selection and learning scheduling for multi-model federated edge learning,"Postdoctoral Researcher, National Technical University of Athens",,,,,,
129,Md Sadman Siraj,Autonomous Node Selection for Improved Accuracy in Multi-Model Federated Learning,Joint participant selection and learning scheduling for multi-model federated edge learning,Graduate Research Associate,,,,,,
130,Md Sadman Siraj,Autonomous Node Selection for Improved Accuracy in Multi-Model Federated Learning,Joint participant selection and learning scheduling for multi-model federated edge learning,"Graduate Research Associate, Performance and Resource Optimization in Networks (PROTON) Lab",,,,,,
131,Md Sadman Siraj,Autonomous Node Selection for Improved Accuracy in Multi-Model Federated Learning,Joint participant selection and learning scheduling for multi-model federated edge learning,Performance,31.8666738,-102.3266274,Ector County,Odessa,Texas,United States
132,Minghui Liwang (李王明卉),HEART: Achieving Timely Multi-Model Training for Vehicle-Edge-Cloud-Integrated Hierarchical Federated Learning,Joint participant selection and learning scheduling for multi-model federated edge learning,"Associate Professor, Tongji University",,,,,,
133,Minghui Liwang (李王明卉),HEART: Achieving Timely Multi-Model Training for Vehicle-Edge-Cloud-Integrated Hierarchical Federated Learning,Joint participant selection and learning scheduling for multi-model federated edge learning,Tongji University,31.2847393,121.4969491,,Yangpu District,Shanghai,China
134,No_author_found,Joint Scheduling for Federated Learning in Battery-Powered IIoT with Multiple Services,Joint participant selection and learning scheduling for multi-model federated edge learning,No_author_found,,,,,,
135,No_author_found,Node selection for model quality optimization in hierarchical federated learning based on deep reinforcement learning,Participant selection for hierarchical federated learning in edge clouds,No_author_found,,,,,,
136,No_author_found,Privacy-Preserving Federated Learning with Intermediate-Level Model Sharing,"Group-based hierarchical federated learning: Convergence, group formation, and sampling",No_author_found,,,,,,
137,No_author_found,[CITATION][C] Quantum Secure in Flexible Optical satellite Network: State-of-the-Art and Challenges,Optimal entanglement distribution problem in satellite-based quantum networks,No_author_found,,,,,,
138,Peng Li,Robin: An Efficient Hierarchical Federated Learning Framework Via a Learning-Based Synchronization Scheme,Group formation and sampling in group-based hierarchical federated learning,Xi'an Jiaotong University,34.2172159,108.937846,,Yanta District,Shaanxi,China
139,Pingyi Fan,A Comprehensive Survey on Joint Resource Allocation Strategies in Federated Edge Learning,Participant selection for hierarchical federated learning in edge clouds,"Professor of Electronic Engineering, Tsinghua University",,,,,,
140,Pingyi Fan,A Comprehensive Survey on Joint Resource Allocation Strategies in Federated Edge Learning,Participant selection for hierarchical federated learning in edge clouds,Tsinghua University,40.0022905,116.320963,,Haidian District,Beijing,China
141,Qiang Fan,A Comprehensive Survey on Joint Resource Allocation Strategies in Federated Edge Learning,Participant selection for hierarchical federated learning in edge clouds,Qualcomm,32.8972258,-117.2186174,San Diego County,San Diego,California,United States
142,Qiong Wu,A Comprehensive Survey on Joint Resource Allocation Strategies in Federated Edge Learning,Participant selection for hierarchical federated learning in edge clouds,"Associate Professor, School of Internet of Things Engineering, Jiangnan University",,,,,,
143,Qiong Wu,A Comprehensive Survey on Joint Resource Allocation Strategies in Federated Edge Learning,Participant selection for hierarchical federated learning in edge clouds,Jiangnan University,31.4851218,120.2673352,,Binhu District,Jiangsu,China
144,Qiong Wu,A Comprehensive Survey on Joint Resource Allocation Strategies in Federated Edge Learning,Participant selection for hierarchical federated learning in edge clouds,School of Internet of Things Engineering,,,,,,
145,Ruiwen Ji,Solving Data Contamination in DDoS Detection: A Method Based on Hierarchical Federated Learning,"Group-based hierarchical federated learning: Convergence, group formation, and sampling",上海交通大学,31.2040209,121.4304776,,Xuhui District,Shanghai,China
146,Ruozhou Yu,QuESat: Satellite-Assisted Quantum Internet for Global-Scale Entanglement Distribution,Optimal entanglement distribution problem in satellite-based quantum networks,Assistant Professor @ NCSU,,,,,,
147,Ruozhou Yu,QuESat: Satellite-Assisted Quantum Internet for Global-Scale Entanglement Distribution,Optimal entanglement distribution problem in satellite-based quantum networks,NCSU,35.7397972,-78.6768825,Wake County,,North Carolina,United States
148,Seid Koudia,Space-Based Quantum Internet: Entanglement Distribution in Time-Varying LEO Constellations,Optimal entanglement distribution problem in satellite-based quantum networks,University of Luxembourg (SnT),49.6323746,6.168568,Canton Luxembourg,Luxembourg,,Luxembourg
149,Shanhao Zhan, A Review on Federated Learning Architectures for Privacy-Preserving AI: Lightweight and Secure Cloud–Edge–End Collaboration,Group formation and sampling in group-based hierarchical federated learning,Xiamen University,24.4399419,118.0930178,Xiamen,Xiamen City,Fujian,China
150,Symeon Chatzinotas,Space-Based Quantum Internet: Entanglement Distribution in Time-Varying LEO Constellations,Optimal entanglement distribution problem in satellite-based quantum networks,"Full Professor | IEEE Fellow | SIGCOM Head, SnT, University of Luxembourg",,,,,,
151,Symeon Chatzinotas,Space-Based Quantum Internet: Entanglement Distribution in Time-Varying LEO Constellations,Optimal entanglement distribution problem in satellite-based quantum networks,SnT,38.8355446,-9.3522371,Lisbon,,,Portugal
152,Symeon Chatzinotas,Space-Based Quantum Internet: Entanglement Distribution in Time-Varying LEO Constellations,Optimal entanglement distribution problem in satellite-based quantum networks,University of Luxembourg,49.5036259,5.9487155,Canton Esch-sur-Alzette,,,Luxembourg
153,Thanh Linh Nguyen,Right Reward Right Time for Federated Learning,Incentive mechanism design in semi-asynchronous blockchain-based federated learning,"PhD candidate @ SCSS, Trinity Collge Dublin",,,,,,
154,Thanh Linh Nguyen,Right Reward Right Time for Federated Learning,Incentive mechanism design in semi-asynchronous blockchain-based federated learning,SCSS,-53.3167096,-68.6584573,Provincia de Tierra del Fuego,,Magallanes and Chilean Antarctica Region,Chile
155,Tianyu Qi,Robin: An Efficient Hierarchical Federated Learning Framework Via a Learning-Based Synchronization Scheme,Group formation and sampling in group-based hierarchical federated learning,Sun Yat-sen University,23.0996034,113.2923509,,Haizhu District,Guangdong,China
156,Tianzhe Xiao,Unleashing the power of continual learning on non-centralized devices: A survey,"Group-based hierarchical federated learning: Convergence, group formation, and sampling",Huazhong University of Science,30.5202172,114.4118463,,Hongshan District,Hubei,China
157,Tianzhe Xiao,Unleashing the power of continual learning on non-centralized devices: A survey,"Group-based hierarchical federated learning: Convergence, group formation, and sampling",Huazhong University of Science and Technology,30.5202172,114.4118463,,Hongshan District,Hubei,China
158,Tianzhe Xiao,Unleashing the power of continual learning on non-centralized devices: A survey,"Group-based hierarchical federated learning: Convergence, group formation, and sampling",Technology,42.3582529,-71.0966272,Middlesex County,Cambridge,Massachusetts,United States
159,Wenchao Xia ( 夏文超 ),Client scheduling for multiserver federated learning in industrial IoT with unreliable communications,Participant selection for hierarchical federated learning in edge clouds,Nanjing University of Posts,32.1152717,118.9259566,,Qixia District,Jiangsu,China
160,Wenchao Xia ( 夏文超 ),Client scheduling for multiserver federated learning in industrial IoT with unreliable communications,Participant selection for hierarchical federated learning in edge clouds,Nanjing University of Posts and Telecommunications,32.1152717,118.9259566,,Qixia District,Jiangsu,China
161,Wenchao Xia ( 夏文超 ),Client scheduling for multiserver federated learning in industrial IoT with unreliable communications,Participant selection for hierarchical federated learning in edge clouds,Telecommunications,-30.405844,27.7075546,,,Quthing District,Lesotho
162,Wenchao Xu,Unleashing the power of continual learning on non-centralized devices: A survey,"Group-based hierarchical federated learning: Convergence, group formation, and sampling",Hong Kong University of Science,22.3358031,114.2659088,,Sai Kung District,Hong Kong,China
163,Wenchao Xu,Unleashing the power of continual learning on non-centralized devices: A survey,"Group-based hierarchical federated learning: Convergence, group formation, and sampling",Hong Kong University of Science and Technology,22.8916128,113.4790189,,Nansha District,Guangdong,China
164,Wenchao Xu,Unleashing the power of continual learning on non-centralized devices: A survey,"Group-based hierarchical federated learning: Convergence, group formation, and sampling",Technology,42.3582529,-71.0966272,Middlesex County,Cambridge,Massachusetts,United States
165,Xianbin Wang,HEART: Achieving Timely Multi-Model Training for Vehicle-Edge-Cloud-Integrated Hierarchical Federated Learning,Joint participant selection and learning scheduling for multi-model federated edge learning,"IEEE Fellow, Tier-1 CRC, Distinguished University Professor, Western University, Canada",,,,,,
166,Xianbin Wang,HEART: Achieving Timely Multi-Model Training for Vehicle-Edge-Cloud-Integrated Hierarchical Federated Learning,Joint participant selection and learning scheduling for multi-model federated edge learning,Western University,32.7139413,-117.0372503,San Diego County,San Diego,California,United States
167,Xiaodong Fu,RHFL: a robust method to defend against poisoning attacks for heterogeneous hierarchical federated learning: S. Zhao et al.,"Group-based hierarchical federated learning: Convergence, group formation, and sampling",Kunming University of Science,24.8552956,102.8552716,,Chenggong District,Yunnan,China
168,Xiaodong Fu,RHFL: a robust method to defend against poisoning attacks for heterogeneous hierarchical federated learning: S. Zhao et al.,"Group-based hierarchical federated learning: Convergence, group formation, and sampling",Kunming University of Science and Technology,24.8552956,102.8552716,,Chenggong District,Yunnan,China
169,Xiaodong Fu,RHFL: a robust method to defend against poisoning attacks for heterogeneous hierarchical federated learning: S. Zhao et al.,"Group-based hierarchical federated learning: Convergence, group formation, and sampling",Technology,42.3582529,-71.0966272,Middlesex County,Cambridge,Massachusetts,United States
170,Xiaohong Yang,HEART: Achieving Timely Multi-Model Training for Vehicle-Edge-Cloud-Integrated Hierarchical Federated Learning,Joint participant selection and learning scheduling for multi-model federated edge learning,Xiamen University,24.4399419,118.0930178,Xiamen,Xiamen City,Fujian,China
171,Xiaojian Wang,QuESat: Satellite-Assisted Quantum Internet for Global-Scale Entanglement Distribution,Optimal entanglement distribution problem in satellite-based quantum networks,"Assistant Professor, University of Colorado Denver",,,,,,
172,Xiaojian Wang,QuESat: Satellite-Assisted Quantum Internet for Global-Scale Entanglement Distribution,Optimal entanglement distribution problem in satellite-based quantum networks,University of Colorado Denver,39.7460707,-105.001771,,Denver,Colorado,United States
173,Xiaojie Fan,A Comprehensive Protocol Stack for Quantum Networks with a Global Entanglement Module,Co-Design of Network Topology and Qubit Allocation for Distributed Quantum Computing,Stony Brook University,40.9090809,-73.1205518,Suffolk County,,New York,United States
174,Xiaojie Fan,A Comprehensive Protocol Stack for Quantum Networks with a Global Entanglement Module,Optimal entanglement distribution problem in satellite-based quantum networks,Stony Brook University,40.9090809,-73.1205518,Suffolk County,,New York,United States
175,Xiaojie Fan,A Comprehensive Protocol Stack for Quantum Networks with a Global Entanglement Module,Topology design with resource allocation and entanglement distribution for quantum networks,Stony Brook University,40.9090809,-73.1205518,Suffolk County,,New York,United States
176,Xiaoyu Liu,Distributed Quantum Information Processing: A Review of Recent Progress,Co-Design of Network Topology and Qubit Allocation for Distributed Quantum Computing,Leiden University,52.1686355,4.4597028,,Leiden,South Holland,Netherlands
177,Xinghua (Mindy) Shi,Joint participant and learning topology selection for federated learning in edge clouds,"Group-based hierarchical federated learning: Convergence, group formation, and sampling",Temple University,39.981188,-75.1562828,Philadelphia County,Philadelphia,Pennsylvania,United States
178,Xinghua (Mindy) Shi,Joint participant and learning topology selection for federated learning in edge clouds,Joint participant selection and learning optimization for federated learning of multiple models in edge cloud,Temple University,39.981188,-75.1562828,Philadelphia County,Philadelphia,Pennsylvania,United States
179,Xinghua (Mindy) Shi,Joint participant and learning topology selection for federated learning in edge clouds,Joint participant selection and learning scheduling for multi-model federated edge learning,Temple University,39.981188,-75.1562828,Philadelphia County,Philadelphia,Pennsylvania,United States
180,Xinghua (Mindy) Shi,Joint participant and learning topology selection for federated learning in edge clouds,Participant selection for hierarchical federated learning in edge clouds,Temple University,39.981188,-75.1562828,Philadelphia County,Philadelphia,Pennsylvania,United States
181,Xinghua (Mindy) Shi,Participant selection for hierarchical federated learning in edge clouds,Joint participant selection and learning scheduling for multi-model federated edge learning,Temple University,39.981188,-75.1562828,Philadelphia County,Philadelphia,Pennsylvania,United States
182,Xinliang Wei,Entanglement from sky: Optimizing satellite-based entanglement distribution for quantum networks,Hybrid quantum-classical computing via Dantzig-Wolfe decomposition for integer linear programming,"Assistant Professor of Shenzhen Institutes of Advanced Technology, Chinese Academy of Sciences",,,,,,
183,Xinliang Wei,Entanglement from sky: Optimizing satellite-based entanglement distribution for quantum networks,Hybrid quantum-classical computing via Dantzig-Wolfe decomposition for integer linear programming,Chinese Academy of Sciences,39.9093367,116.3297146,,Beijing,Beijing,China
184,Xinliang Wei,Entanglement from sky: Optimizing satellite-based entanglement distribution for quantum networks,Optimal entanglement distribution problem in satellite-based quantum networks,"Assistant Professor of Shenzhen Institutes of Advanced Technology, Chinese Academy of Sciences",,,,,,
185,Xinliang Wei,Entanglement from sky: Optimizing satellite-based entanglement distribution for quantum networks,Optimal entanglement distribution problem in satellite-based quantum networks,Chinese Academy of Sciences,39.9093367,116.3297146,,Beijing,Beijing,China
186,Xinliang Wei,Group formation and sampling in group-based hierarchical federated learning,"Group-based hierarchical federated learning: Convergence, group formation, and sampling","Assistant Professor of Shenzhen Institutes of Advanced Technology, Chinese Academy of Sciences",,,,,,
187,Xinliang Wei,Group formation and sampling in group-based hierarchical federated learning,"Group-based hierarchical federated learning: Convergence, group formation, and sampling",Chinese Academy of Sciences,39.9093367,116.3297146,,Beijing,Beijing,China
188,Xinliang Wei,Group formation and sampling in group-based hierarchical federated learning,Joint participant selection and learning optimization for federated learning of multiple models in edge cloud,"Assistant Professor of Shenzhen Institutes of Advanced Technology, Chinese Academy of Sciences",,,,,,
189,Xinliang Wei,Group formation and sampling in group-based hierarchical federated learning,Joint participant selection and learning optimization for federated learning of multiple models in edge cloud,Chinese Academy of Sciences,39.9093367,116.3297146,,Beijing,Beijing,China
190,Xinliang Wei,Group formation and sampling in group-based hierarchical federated learning,Joint participant selection and learning scheduling for multi-model federated edge learning,"Assistant Professor of Shenzhen Institutes of Advanced Technology, Chinese Academy of Sciences",,,,,,
191,Xinliang Wei,Group formation and sampling in group-based hierarchical federated learning,Joint participant selection and learning scheduling for multi-model federated edge learning,Chinese Academy of Sciences,39.9093367,116.3297146,,Beijing,Beijing,China
192,Xinliang Wei,Group formation and sampling in group-based hierarchical federated learning,Participant selection for hierarchical federated learning in edge clouds,"Assistant Professor of Shenzhen Institutes of Advanced Technology, Chinese Academy of Sciences",,,,,,
193,Xinliang Wei,Group formation and sampling in group-based hierarchical federated learning,Participant selection for hierarchical federated learning in edge clouds,Chinese Academy of Sciences,39.9093367,116.3297146,,Beijing,Beijing,China
194,Xinliang Wei,"Group-based hierarchical federated learning: Convergence, group formation, and sampling",Participant selection for hierarchical federated learning in edge clouds,"Assistant Professor of Shenzhen Institutes of Advanced Technology, Chinese Academy of Sciences",,,,,,
195,Xinliang Wei,"Group-based hierarchical federated learning: Convergence, group formation, and sampling",Participant selection for hierarchical federated learning in edge clouds,Chinese Academy of Sciences,39.9093367,116.3297146,,Beijing,Beijing,China
196,Xinliang Wei,Hybrid quantum-classical benders' decomposition for federated learning scheduling in distributed networks,"Group-based hierarchical federated learning: Convergence, group formation, and sampling","Assistant Professor of Shenzhen Institutes of Advanced Technology, Chinese Academy of Sciences",,,,,,
197,Xinliang Wei,Hybrid quantum-classical benders' decomposition for federated learning scheduling in distributed networks,"Group-based hierarchical federated learning: Convergence, group formation, and sampling",Chinese Academy of Sciences,39.9093367,116.3297146,,Beijing,Beijing,China
198,Xinliang Wei,Hybrid quantum-classical benders' decomposition for federated learning scheduling in distributed networks,Joint participant selection and learning scheduling for multi-model federated edge learning,"Assistant Professor of Shenzhen Institutes of Advanced Technology, Chinese Academy of Sciences",,,,,,
199,Xinliang Wei,Hybrid quantum-classical benders' decomposition for federated learning scheduling in distributed networks,Joint participant selection and learning scheduling for multi-model federated edge learning,Chinese Academy of Sciences,39.9093367,116.3297146,,Beijing,Beijing,China
200,Xinliang Wei,Hybrid quantum-classical benders' decomposition for federated learning scheduling in distributed networks,Participant selection for hierarchical federated learning in edge clouds,"Assistant Professor of Shenzhen Institutes of Advanced Technology, Chinese Academy of Sciences",,,,,,
201,Xinliang Wei,Hybrid quantum-classical benders' decomposition for federated learning scheduling in distributed networks,Participant selection for hierarchical federated learning in edge clouds,Chinese Academy of Sciences,39.9093367,116.3297146,,Beijing,Beijing,China
202,Xinliang Wei,Hybrid quantum-classical computing via Dantzig-Wolfe decomposition for integer linear programming,Optimal entanglement distribution problem in satellite-based quantum networks,"Assistant Professor of Shenzhen Institutes of Advanced Technology, Chinese Academy of Sciences",,,,,,
203,Xinliang Wei,Hybrid quantum-classical computing via Dantzig-Wolfe decomposition for integer linear programming,Optimal entanglement distribution problem in satellite-based quantum networks,Chinese Academy of Sciences,39.9093367,116.3297146,,Beijing,Beijing,China
204,Xinliang Wei,Joint Swapping and Purification with Failures for Entanglement Distribution in Quantum Networks,Co-Design of Network Topology and Qubit Allocation for Distributed Quantum Computing,"Assistant Professor of Shenzhen Institutes of Advanced Technology, Chinese Academy of Sciences",,,,,,
205,Xinliang Wei,Joint Swapping and Purification with Failures for Entanglement Distribution in Quantum Networks,Co-Design of Network Topology and Qubit Allocation for Distributed Quantum Computing,Chinese Academy of Sciences,39.9093367,116.3297146,,Beijing,Beijing,China
206,Xinliang Wei,Joint Swapping and Purification with Failures for Entanglement Distribution in Quantum Networks,Optimal entanglement distribution problem in satellite-based quantum networks,"Assistant Professor of Shenzhen Institutes of Advanced Technology, Chinese Academy of Sciences",,,,,,
207,Xinliang Wei,Joint Swapping and Purification with Failures for Entanglement Distribution in Quantum Networks,Optimal entanglement distribution problem in satellite-based quantum networks,Chinese Academy of Sciences,39.9093367,116.3297146,,Beijing,Beijing,China
208,Xinliang Wei,Joint Swapping and Purification with Failures for Entanglement Distribution in Quantum Networks,Topology design with resource allocation and entanglement distribution for quantum networks,"Assistant Professor of Shenzhen Institutes of Advanced Technology, Chinese Academy of Sciences",,,,,,
209,Xinliang Wei,Joint Swapping and Purification with Failures for Entanglement Distribution in Quantum Networks,Topology design with resource allocation and entanglement distribution for quantum networks,Chinese Academy of Sciences,39.9093367,116.3297146,,Beijing,Beijing,China
210,Xinliang Wei,Joint participant and learning topology selection for federated learning in edge clouds,"Group-based hierarchical federated learning: Convergence, group formation, and sampling","Assistant Professor of Shenzhen Institutes of Advanced Technology, Chinese Academy of Sciences",,,,,,
211,Xinliang Wei,Joint participant and learning topology selection for federated learning in edge clouds,"Group-based hierarchical federated learning: Convergence, group formation, and sampling",Chinese Academy of Sciences,39.9093367,116.3297146,,Beijing,Beijing,China
212,Xinliang Wei,Joint participant and learning topology selection for federated learning in edge clouds,Joint participant selection and learning optimization for federated learning of multiple models in edge cloud,"Assistant Professor of Shenzhen Institutes of Advanced Technology, Chinese Academy of Sciences",,,,,,
213,Xinliang Wei,Joint participant and learning topology selection for federated learning in edge clouds,Joint participant selection and learning optimization for federated learning of multiple models in edge cloud,Chinese Academy of Sciences,39.9093367,116.3297146,,Beijing,Beijing,China
214,Xinliang Wei,Joint participant and learning topology selection for federated learning in edge clouds,Joint participant selection and learning scheduling for multi-model federated edge learning,"Assistant Professor of Shenzhen Institutes of Advanced Technology, Chinese Academy of Sciences",,,,,,
215,Xinliang Wei,Joint participant and learning topology selection for federated learning in edge clouds,Joint participant selection and learning scheduling for multi-model federated edge learning,Chinese Academy of Sciences,39.9093367,116.3297146,,Beijing,Beijing,China
216,Xinliang Wei,Joint participant and learning topology selection for federated learning in edge clouds,Participant selection for hierarchical federated learning in edge clouds,"Assistant Professor of Shenzhen Institutes of Advanced Technology, Chinese Academy of Sciences",,,,,,
217,Xinliang Wei,Joint participant and learning topology selection for federated learning in edge clouds,Participant selection for hierarchical federated learning in edge clouds,Chinese Academy of Sciences,39.9093367,116.3297146,,Beijing,Beijing,China
218,Xinliang Wei,Joint participant selection and learning optimization for federated learning of multiple models in edge cloud,"Group-based hierarchical federated learning: Convergence, group formation, and sampling","Assistant Professor of Shenzhen Institutes of Advanced Technology, Chinese Academy of Sciences",,,,,,
219,Xinliang Wei,Joint participant selection and learning optimization for federated learning of multiple models in edge cloud,"Group-based hierarchical federated learning: Convergence, group formation, and sampling",Chinese Academy of Sciences,39.9093367,116.3297146,,Beijing,Beijing,China
220,Xinliang Wei,Joint participant selection and learning optimization for federated learning of multiple models in edge cloud,Joint participant selection and learning scheduling for multi-model federated edge learning,"Assistant Professor of Shenzhen Institutes of Advanced Technology, Chinese Academy of Sciences",,,,,,
221,Xinliang Wei,Joint participant selection and learning optimization for federated learning of multiple models in edge cloud,Joint participant selection and learning scheduling for multi-model federated edge learning,Chinese Academy of Sciences,39.9093367,116.3297146,,Beijing,Beijing,China
222,Xinliang Wei,Joint participant selection and learning optimization for federated learning of multiple models in edge cloud,Participant selection for hierarchical federated learning in edge clouds,"Assistant Professor of Shenzhen Institutes of Advanced Technology, Chinese Academy of Sciences",,,,,,
223,Xinliang Wei,Joint participant selection and learning optimization for federated learning of multiple models in edge cloud,Participant selection for hierarchical federated learning in edge clouds,Chinese Academy of Sciences,39.9093367,116.3297146,,Beijing,Beijing,China
224,Xinliang Wei,Joint participant selection and learning scheduling for multi-model federated edge learning,Participant selection for hierarchical federated learning in edge clouds,"Assistant Professor of Shenzhen Institutes of Advanced Technology, Chinese Academy of Sciences",,,,,,
225,Xinliang Wei,Joint participant selection and learning scheduling for multi-model federated edge learning,Participant selection for hierarchical federated learning in edge clouds,Chinese Academy of Sciences,39.9093367,116.3297146,,Beijing,Beijing,China
226,Xinliang Wei,Optimizing satellite-based entanglement distribution in quantum networks via quantum-assisted approaches,Hybrid quantum-classical computing via Dantzig-Wolfe decomposition for integer linear programming,"Assistant Professor of Shenzhen Institutes of Advanced Technology, Chinese Academy of Sciences",,,,,,
227,Xinliang Wei,Optimizing satellite-based entanglement distribution in quantum networks via quantum-assisted approaches,Hybrid quantum-classical computing via Dantzig-Wolfe decomposition for integer linear programming,Chinese Academy of Sciences,39.9093367,116.3297146,,Beijing,Beijing,China
228,Xinliang Wei,Optimizing satellite-based entanglement distribution in quantum networks via quantum-assisted approaches,Optimal entanglement distribution problem in satellite-based quantum networks,"Assistant Professor of Shenzhen Institutes of Advanced Technology, Chinese Academy of Sciences",,,,,,
229,Xinliang Wei,Optimizing satellite-based entanglement distribution in quantum networks via quantum-assisted approaches,Optimal entanglement distribution problem in satellite-based quantum networks,Chinese Academy of Sciences,39.9093367,116.3297146,,Beijing,Beijing,China
230,Xinliang Wei,Participant selection for hierarchical federated learning in edge clouds,Joint participant selection and learning scheduling for multi-model federated edge learning,"Assistant Professor of Shenzhen Institutes of Advanced Technology, Chinese Academy of Sciences",,,,,,
231,Xinliang Wei,Participant selection for hierarchical federated learning in edge clouds,Joint participant selection and learning scheduling for multi-model federated edge learning,Chinese Academy of Sciences,39.9093367,116.3297146,,Beijing,Beijing,China
232,Xinliang Wei,Quantum assisted scheduling algorithm for federated learning in distributed networks,Joint participant selection and learning scheduling for multi-model federated edge learning,"Assistant Professor of Shenzhen Institutes of Advanced Technology, Chinese Academy of Sciences",,,,,,
233,Xinliang Wei,Quantum assisted scheduling algorithm for federated learning in distributed networks,Joint participant selection and learning scheduling for multi-model federated edge learning,Chinese Academy of Sciences,39.9093367,116.3297146,,Beijing,Beijing,China
234,Xinliang Wei,Quantum assisted scheduling algorithm for federated learning in distributed networks,Participant selection for hierarchical federated learning in edge clouds,"Assistant Professor of Shenzhen Institutes of Advanced Technology, Chinese Academy of Sciences",,,,,,
235,Xinliang Wei,Quantum assisted scheduling algorithm for federated learning in distributed networks,Participant selection for hierarchical federated learning in edge clouds,Chinese Academy of Sciences,39.9093367,116.3297146,,Beijing,Beijing,China
236,Xinliang Wei,Quantum-Assisted Resource Management for Data Access in Space-Air-Ground Integrated Networks,Hybrid quantum-classical computing via Dantzig-Wolfe decomposition for integer linear programming,"Assistant Professor of Shenzhen Institutes of Advanced Technology, Chinese Academy of Sciences",,,,,,
237,Xinliang Wei,Quantum-Assisted Resource Management for Data Access in Space-Air-Ground Integrated Networks,Hybrid quantum-classical computing via Dantzig-Wolfe decomposition for integer linear programming,Chinese Academy of Sciences,39.9093367,116.3297146,,Beijing,Beijing,China
238,Xinliang Wei,Quantum-Assisted Resource Management for Data Access in Space-Air-Ground Integrated Networks,Optimal entanglement distribution problem in satellite-based quantum networks,"Assistant Professor of Shenzhen Institutes of Advanced Technology, Chinese Academy of Sciences",,,,,,
239,Xinliang Wei,Quantum-Assisted Resource Management for Data Access in Space-Air-Ground Integrated Networks,Optimal entanglement distribution problem in satellite-based quantum networks,Chinese Academy of Sciences,39.9093367,116.3297146,,Beijing,Beijing,China
240,Xinliang Wei,Topology design with resource allocation and entanglement distribution for quantum networks,Optimal entanglement distribution problem in satellite-based quantum networks,"Assistant Professor of Shenzhen Institutes of Advanced Technology, Chinese Academy of Sciences",,,,,,
241,Xinliang Wei,Topology design with resource allocation and entanglement distribution for quantum networks,Optimal entanglement distribution problem in satellite-based quantum networks,Chinese Academy of Sciences,39.9093367,116.3297146,,Beijing,Beijing,China
242,Xinliang Wei,[BOOK][B] Joint Resource Management and Task Scheduling for Mobile Edge Computing,Joint participant selection and learning scheduling for multi-model federated edge learning,"Assistant Professor of Shenzhen Institutes of Advanced Technology, Chinese Academy of Sciences",,,,,,
243,Xinliang Wei,[BOOK][B] Joint Resource Management and Task Scheduling for Mobile Edge Computing,Joint participant selection and learning scheduling for multi-model federated edge learning,Chinese Academy of Sciences,39.9093367,116.3297146,,Beijing,Beijing,China
244,Xinliang Wei,[BOOK][B] Joint Resource Management and Task Scheduling for Mobile Edge Computing,Participant selection for hierarchical federated learning in edge clouds,"Assistant Professor of Shenzhen Institutes of Advanced Technology, Chinese Academy of Sciences",,,,,,
245,Xinliang Wei,[BOOK][B] Joint Resource Management and Task Scheduling for Mobile Edge Computing,Participant selection for hierarchical federated learning in edge clouds,Chinese Academy of Sciences,39.9093367,116.3297146,,Beijing,Beijing,China
246,Xinwen Zhang,Joint Swapping and Purification with Failures for Entanglement Distribution in Quantum Networks,Co-Design of Network Topology and Qubit Allocation for Distributed Quantum Computing,Temple University,39.981188,-75.1562828,Philadelphia County,Philadelphia,Pennsylvania,United States
247,Xinwen Zhang,Joint Swapping and Purification with Failures for Entanglement Distribution in Quantum Networks,Optimal entanglement distribution problem in satellite-based quantum networks,Temple University,39.981188,-75.1562828,Philadelphia County,Philadelphia,Pennsylvania,United States
248,Xinwen Zhang,Joint Swapping and Purification with Failures for Entanglement Distribution in Quantum Networks,Topology design with resource allocation and entanglement distribution for quantum networks,Temple University,39.981188,-75.1562828,Philadelphia County,Philadelphia,Pennsylvania,United States
249,Xuanzhang Liu,Group formation and sampling in group-based hierarchical federated learning,"Group-based hierarchical federated learning: Convergence, group formation, and sampling",Temple University,39.981188,-75.1562828,Philadelphia County,Philadelphia,Pennsylvania,United States
250,Xuanzhang Liu,Group formation and sampling in group-based hierarchical federated learning,Joint participant selection and learning optimization for federated learning of multiple models in edge cloud,Temple University,39.981188,-75.1562828,Philadelphia County,Philadelphia,Pennsylvania,United States
251,Xuanzhang Liu,Group formation and sampling in group-based hierarchical federated learning,Joint participant selection and learning scheduling for multi-model federated edge learning,Temple University,39.981188,-75.1562828,Philadelphia County,Philadelphia,Pennsylvania,United States
252,Xuanzhang Liu,Group formation and sampling in group-based hierarchical federated learning,Participant selection for hierarchical federated learning in edge clouds,Temple University,39.981188,-75.1562828,Philadelphia County,Philadelphia,Pennsylvania,United States
253,Xuanzhang Liu,"Group-based hierarchical federated learning: Convergence, group formation, and sampling",Participant selection for hierarchical federated learning in edge clouds,Temple University,39.981188,-75.1562828,Philadelphia County,Philadelphia,Pennsylvania,United States
254,Xuanzhang Liu,Joint Swapping and Purification with Failures for Entanglement Distribution in Quantum Networks,Co-Design of Network Topology and Qubit Allocation for Distributed Quantum Computing,Temple University,39.981188,-75.1562828,Philadelphia County,Philadelphia,Pennsylvania,United States
255,Xuanzhang Liu,Joint Swapping and Purification with Failures for Entanglement Distribution in Quantum Networks,Optimal entanglement distribution problem in satellite-based quantum networks,Temple University,39.981188,-75.1562828,Philadelphia County,Philadelphia,Pennsylvania,United States
256,Xuanzhang Liu,Joint Swapping and Purification with Failures for Entanglement Distribution in Quantum Networks,Topology design with resource allocation and entanglement distribution for quantum networks,Temple University,39.981188,-75.1562828,Philadelphia County,Philadelphia,Pennsylvania,United States
257,Xuanzhang Liu,Topology design with resource allocation and entanglement distribution for quantum networks,Optimal entanglement distribution problem in satellite-based quantum networks,Temple University,39.981188,-75.1562828,Philadelphia County,Philadelphia,Pennsylvania,United States
258,Yanmin Gong,Hybrid quantum-classical benders' decomposition for federated learning scheduling in distributed networks,"Group-based hierarchical federated learning: Convergence, group formation, and sampling",Texas A&M University,30.6108618,-96.3520606,Brazos County,College Station,Texas,United States
259,Yanmin Gong,Hybrid quantum-classical benders' decomposition for federated learning scheduling in distributed networks,Joint participant selection and learning scheduling for multi-model federated edge learning,Texas A&M University,30.6108618,-96.3520606,Brazos County,College Station,Texas,United States
260,Yanmin Gong,Hybrid quantum-classical benders' decomposition for federated learning scheduling in distributed networks,Participant selection for hierarchical federated learning in edge clouds,Texas A&M University,30.6108618,-96.3520606,Brazos County,College Station,Texas,United States
261,Yanmin Gong,Quantum assisted scheduling algorithm for federated learning in distributed networks,Joint participant selection and learning scheduling for multi-model federated edge learning,Texas A&M University,30.6108618,-96.3520606,Brazos County,College Station,Texas,United States
262,Yanmin Gong,Quantum assisted scheduling algorithm for federated learning in distributed networks,Participant selection for hierarchical federated learning in edge clouds,Texas A&M University,30.6108618,-96.3520606,Brazos County,College Station,Texas,United States
263,Yanmin Gong,Quantum-Assisted Resource Management for Data Access in Space-Air-Ground Integrated Networks,Hybrid quantum-classical computing via Dantzig-Wolfe decomposition for integer linear programming,Texas A&M University,30.6108618,-96.3520606,Brazos County,College Station,Texas,United States
264,Yanmin Gong,Quantum-Assisted Resource Management for Data Access in Space-Air-Ground Integrated Networks,Optimal entanglement distribution problem in satellite-based quantum networks,Texas A&M University,30.6108618,-96.3520606,Brazos County,College Station,Texas,United States
265,Yichen Li,Unleashing the power of continual learning on non-centralized devices: A survey,"Group-based hierarchical federated learning: Convergence, group formation, and sampling",Ph.D. Candidate of Huazhong University of Science and Technology,,,,,,
266,Yichen Li,Unleashing the power of continual learning on non-centralized devices: A survey,"Group-based hierarchical federated learning: Convergence, group formation, and sampling",Technology,42.3582529,-71.0966272,Middlesex County,Cambridge,Massachusetts,United States
267,Yu Wang (王昱),"Group-based hierarchical federated learning: Convergence, group formation, and sampling",Participant selection for hierarchical federated learning in edge clouds,Information Sciences,47.2129461,-1.5648533,Loire-Atlantique,Nantes,Pays de la Loire,France
268,Yu Wang (王昱),"Group-based hierarchical federated learning: Convergence, group formation, and sampling",Participant selection for hierarchical federated learning in edge clouds,"Professor and Chair of Computer and Information Sciences, FIEEE, DMACM, Temple University",,,,,,
269,Yu Wang (王昱),"Group-based hierarchical federated learning: Convergence, group formation, and sampling",Participant selection for hierarchical federated learning in edge clouds,Temple University,39.981188,-75.1562828,Philadelphia County,Philadelphia,Pennsylvania,United States
270,Yu Wang (王昱),Joint participant selection and learning optimization for federated learning of multiple models in edge cloud,"Group-based hierarchical federated learning: Convergence, group formation, and sampling",Information Sciences,47.2129461,-1.5648533,Loire-Atlantique,Nantes,Pays de la Loire,France
271,Yu Wang (王昱),Joint participant selection and learning optimization for federated learning of multiple models in edge cloud,"Group-based hierarchical federated learning: Convergence, group formation, and sampling","Professor and Chair of Computer and Information Sciences, FIEEE, DMACM, Temple University",,,,,,
272,Yu Wang (王昱),Joint participant selection and learning optimization for federated learning of multiple models in edge cloud,"Group-based hierarchical federated learning: Convergence, group formation, and sampling",Temple University,39.981188,-75.1562828,Philadelphia County,Philadelphia,Pennsylvania,United States
273,Yu Wang (王昱),Joint participant selection and learning optimization for federated learning of multiple models in edge cloud,Joint participant selection and learning scheduling for multi-model federated edge learning,Information Sciences,47.2129461,-1.5648533,Loire-Atlantique,Nantes,Pays de la Loire,France
274,Yu Wang (王昱),Joint participant selection and learning optimization for federated learning of multiple models in edge cloud,Joint participant selection and learning scheduling for multi-model federated edge learning,"Professor and Chair of Computer and Information Sciences, FIEEE, DMACM, Temple University",,,,,,
275,Yu Wang (王昱),Joint participant selection and learning optimization for federated learning of multiple models in edge cloud,Joint participant selection and learning scheduling for multi-model federated edge learning,Temple University,39.981188,-75.1562828,Philadelphia County,Philadelphia,Pennsylvania,United States
276,Yu Wang (王昱),Joint participant selection and learning optimization for federated learning of multiple models in edge cloud,Participant selection for hierarchical federated learning in edge clouds,Information Sciences,47.2129461,-1.5648533,Loire-Atlantique,Nantes,Pays de la Loire,France
277,Yu Wang (王昱),Joint participant selection and learning optimization for federated learning of multiple models in edge cloud,Participant selection for hierarchical federated learning in edge clouds,"Professor and Chair of Computer and Information Sciences, FIEEE, DMACM, Temple University",,,,,,
278,Yu Wang (王昱),Joint participant selection and learning optimization for federated learning of multiple models in edge cloud,Participant selection for hierarchical federated learning in edge clouds,Temple University,39.981188,-75.1562828,Philadelphia County,Philadelphia,Pennsylvania,United States
279,Yu Wang (王昱),Joint participant selection and learning scheduling for multi-model federated edge learning,Participant selection for hierarchical federated learning in edge clouds,Information Sciences,47.2129461,-1.5648533,Loire-Atlantique,Nantes,Pays de la Loire,France
280,Yu Wang (王昱),Joint participant selection and learning scheduling for multi-model federated edge learning,Participant selection for hierarchical federated learning in edge clouds,"Professor and Chair of Computer and Information Sciences, FIEEE, DMACM, Temple University",,,,,,
281,Yu Wang (王昱),Joint participant selection and learning scheduling for multi-model federated edge learning,Participant selection for hierarchical federated learning in edge clouds,Temple University,39.981188,-75.1562828,Philadelphia County,Philadelphia,Pennsylvania,United States
282,Yu Wang (王昱),Participant selection for hierarchical federated learning in edge clouds,Joint participant selection and learning scheduling for multi-model federated edge learning,Information Sciences,47.2129461,-1.5648533,Loire-Atlantique,Nantes,Pays de la Loire,France
283,Yu Wang (王昱),Participant selection for hierarchical federated learning in edge clouds,Joint participant selection and learning scheduling for multi-model federated edge learning,"Professor and Chair of Computer and Information Sciences, FIEEE, DMACM, Temple University",,,,,,
284,Yu Wang (王昱),Participant selection for hierarchical federated learning in edge clouds,Joint participant selection and learning scheduling for multi-model federated edge learning,Temple University,39.981188,-75.1562828,Philadelphia County,Philadelphia,Pennsylvania,United States
285,Yu Wang (王昱),Topology design with resource allocation and entanglement distribution for quantum networks,Optimal entanglement distribution problem in satellite-based quantum networks,Information Sciences,47.2129461,-1.5648533,Loire-Atlantique,Nantes,Pays de la Loire,France
286,Yu Wang (王昱),Topology design with resource allocation and entanglement distribution for quantum networks,Optimal entanglement distribution problem in satellite-based quantum networks,"Professor and Chair of Computer and Information Sciences, FIEEE, DMACM, Temple University",,,,,,
287,Yu Wang (王昱),Topology design with resource allocation and entanglement distribution for quantum networks,Optimal entanglement distribution problem in satellite-based quantum networks,Temple University,39.981188,-75.1562828,Philadelphia County,Philadelphia,Pennsylvania,United States
288,Yuanqing Xia (夏元清）,Robin: An Efficient Hierarchical Federated Learning Framework Via a Learning-Based Synchronization Scheme,Group formation and sampling in group-based hierarchical federated learning,Beijing Institute of Technology,39.9578214,116.3098237,,Haidian District,Beijing,China
289,Yuanqing Xia (夏元清）,Robin: An Efficient Hierarchical Federated Learning Framework Via a Learning-Based Synchronization Scheme,Group formation and sampling in group-based hierarchical federated learning,School of Automation,,,,,,
290,Yuanqing Xia (夏元清）,Robin: An Efficient Hierarchical Federated Learning Framework Via a Learning-Based Synchronization Scheme,Group formation and sampling in group-based hierarchical federated learning,"School of Automation, Beijing Institute of Technology",,,,,,
291,Yuanxiong Guo,Co-Design of Network Topology and Qubit Allocation for Distributed Quantum Computing,Optimal entanglement distribution problem in satellite-based quantum networks,San Antonio,29.4246002,-98.4951405,Bexar County,San Antonio,Texas,United States
292,Yuanxiong Guo,Co-Design of Network Topology and Qubit Allocation for Distributed Quantum Computing,Topology design with resource allocation and entanglement distribution for quantum networks,San Antonio,29.4246002,-98.4951405,Bexar County,San Antonio,Texas,United States
293,Yuanxiong Guo,Entanglement from sky: Optimizing satellite-based entanglement distribution for quantum networks,Hybrid quantum-classical computing via Dantzig-Wolfe decomposition for integer linear programming,San Antonio,29.4246002,-98.4951405,Bexar County,San Antonio,Texas,United States
294,Yuanxiong Guo,Entanglement from sky: Optimizing satellite-based entanglement distribution for quantum networks,Optimal entanglement distribution problem in satellite-based quantum networks,San Antonio,29.4246002,-98.4951405,Bexar County,San Antonio,Texas,United States
295,Yuanxiong Guo,Hybrid quantum-classical benders' decomposition for federated learning scheduling in distributed networks,"Group-based hierarchical federated learning: Convergence, group formation, and sampling",San Antonio,29.4246002,-98.4951405,Bexar County,San Antonio,Texas,United States
296,Yuanxiong Guo,Hybrid quantum-classical benders' decomposition for federated learning scheduling in distributed networks,Joint participant selection and learning scheduling for multi-model federated edge learning,San Antonio,29.4246002,-98.4951405,Bexar County,San Antonio,Texas,United States
297,Yuanxiong Guo,Hybrid quantum-classical benders' decomposition for federated learning scheduling in distributed networks,Participant selection for hierarchical federated learning in edge clouds,San Antonio,29.4246002,-98.4951405,Bexar County,San Antonio,Texas,United States
298,Yuanxiong Guo,Hybrid quantum-classical computing via Dantzig-Wolfe decomposition for integer linear programming,Optimal entanglement distribution problem in satellite-based quantum networks,San Antonio,29.4246002,-98.4951405,Bexar County,San Antonio,Texas,United States
299,Yuanxiong Guo,Optimizing satellite-based entanglement distribution in quantum networks via quantum-assisted approaches,Hybrid quantum-classical computing via Dantzig-Wolfe decomposition for integer linear programming,San Antonio,29.4246002,-98.4951405,Bexar County,San Antonio,Texas,United States
300,Yuanxiong Guo,Optimizing satellite-based entanglement distribution in quantum networks via quantum-assisted approaches,Optimal entanglement distribution problem in satellite-based quantum networks,San Antonio,29.4246002,-98.4951405,Bexar County,San Antonio,Texas,United States
301,Yuanxiong Guo,Quantum assisted scheduling algorithm for federated learning in distributed networks,Joint participant selection and learning scheduling for multi-model federated edge learning,San Antonio,29.4246002,-98.4951405,Bexar County,San Antonio,Texas,United States
302,Yuanxiong Guo,Quantum assisted scheduling algorithm for federated learning in distributed networks,Participant selection for hierarchical federated learning in edge clouds,San Antonio,29.4246002,-98.4951405,Bexar County,San Antonio,Texas,United States
303,Yuanxiong Guo,Quantum-Assisted Resource Management for Data Access in Space-Air-Ground Integrated Networks,Hybrid quantum-classical computing via Dantzig-Wolfe decomposition for integer linear programming,San Antonio,29.4246002,-98.4951405,Bexar County,San Antonio,Texas,United States
304,Yuanxiong Guo,Quantum-Assisted Resource Management for Data Access in Space-Air-Ground Integrated Networks,Optimal entanglement distribution problem in satellite-based quantum networks,San Antonio,29.4246002,-98.4951405,Bexar County,San Antonio,Texas,United States
305,Zhenzhe Zheng,From Non-IID to IID: Mobility-aware Hierarchical Federated Learning with Client-Edge Association Control,"Group-based hierarchical federated learning: Convergence, group formation, and sampling","Professor, School of Computer Science, Shanghai Jiao Tong University",,,,,,
306,Zhenzhe Zheng,From Non-IID to IID: Mobility-aware Hierarchical Federated Learning with Client-Edge Association Control,"Group-based hierarchical federated learning: Convergence, group formation, and sampling",School of Computer Science,,,,,,
307,Zhenzhe Zheng,From Non-IID to IID: Mobility-aware Hierarchical Federated Learning with Client-Edge Association Control,"Group-based hierarchical federated learning: Convergence, group formation, and sampling",Shanghai Jiao Tong University,31.2008912,121.4283949,,Xuhui District,Shanghai,China
308,Zhenzhe Zheng,MIDDLE: A Mobility-Driven Device-Edge-Cloud Federated Learning Framework,"Group-based hierarchical federated learning: Convergence, group formation, and sampling","Professor, School of Computer Science, Shanghai Jiao Tong University",,,,,,
309,Zhenzhe Zheng,MIDDLE: A Mobility-Driven Device-Edge-Cloud Federated Learning Framework,"Group-based hierarchical federated learning: Convergence, group formation, and sampling",School of Computer Science,,,,,,
310,Zhenzhe Zheng,MIDDLE: A Mobility-Driven Device-Edge-Cloud Federated Learning Framework,"Group-based hierarchical federated learning: Convergence, group formation, and sampling",Shanghai Jiao Tong University,31.2008912,121.4283949,,Xuhui District,Shanghai,China
311,Zhipeng Cheng,HEART: Achieving Timely Multi-Model Training for Vehicle-Edge-Cloud-Integrated Hierarchical Federated Learning,Joint participant selection and learning scheduling for multi-model federated edge learning,Soochow University,25.0947592,121.5454306,,Taipei,,Taiwan
312,Zhouyu Li,QuESat: Satellite-Assisted Quantum Internet for Global-Scale Entanglement Distribution,Optimal entanglement distribution problem in satellite-based quantum networks,North Carolina State University,35.7718497,-78.674087,Wake County,Raleigh,North Carolina,United States
313,Zhouyu Li,QuESat: Satellite-Assisted Quantum Internet for Global-Scale Entanglement Distribution,Optimal entanglement distribution problem in satellite-based quantum networks,"Ph.D. student of Computer Science, North Carolina State University",,,,,,
314,Zhu Han,Co-Design of Network Topology and Qubit Allocation for Distributed Quantum Computing,Optimal entanglement distribution problem in satellite-based quantum networks,University of Houston,29.7207902,-95.3440627,Harris County,Houston,Texas,United States
315,Zhu Han,Co-Design of Network Topology and Qubit Allocation for Distributed Quantum Computing,Topology design with resource allocation and entanglement distribution for quantum networks,University of Houston,29.7207902,-95.3440627,Harris County,Houston,Texas,United States
316,Zhu Han,Entanglement from sky: Optimizing satellite-based entanglement distribution for quantum networks,Hybrid quantum-classical computing via Dantzig-Wolfe decomposition for integer linear programming,University of Houston,29.7207902,-95.3440627,Harris County,Houston,Texas,United States
317,Zhu Han,Entanglement from sky: Optimizing satellite-based entanglement distribution for quantum networks,Optimal entanglement distribution problem in satellite-based quantum networks,University of Houston,29.7207902,-95.3440627,Harris County,Houston,Texas,United States
318,Zhu Han,Hybrid quantum-classical benders' decomposition for federated learning scheduling in distributed networks,"Group-based hierarchical federated learning: Convergence, group formation, and sampling",University of Houston,29.7207902,-95.3440627,Harris County,Houston,Texas,United States
319,Zhu Han,Hybrid quantum-classical benders' decomposition for federated learning scheduling in distributed networks,Joint participant selection and learning scheduling for multi-model federated edge learning,University of Houston,29.7207902,-95.3440627,Harris County,Houston,Texas,United States
320,Zhu Han,Hybrid quantum-classical benders' decomposition for federated learning scheduling in distributed networks,Participant selection for hierarchical federated learning in edge clouds,University of Houston,29.7207902,-95.3440627,Harris County,Houston,Texas,United States
321,Zhu Han,Hybrid quantum-classical computing via Dantzig-Wolfe decomposition for integer linear programming,Optimal entanglement distribution problem in satellite-based quantum networks,University of Houston,29.7207902,-95.3440627,Harris County,Houston,Texas,United States
322,Zhu Han,Optimizing satellite-based entanglement distribution in quantum networks via quantum-assisted approaches,Hybrid quantum-classical computing via Dantzig-Wolfe decomposition for integer linear programming,University of Houston,29.7207902,-95.3440627,Harris County,Houston,Texas,United States
323,Zhu Han,Optimizing satellite-based entanglement distribution in quantum networks via quantum-assisted approaches,Optimal entanglement distribution problem in satellite-based quantum networks,University of Houston,29.7207902,-95.3440627,Harris County,Houston,Texas,United States
324,Zhu Han,Quantum assisted scheduling algorithm for federated learning in distributed networks,Joint participant selection and learning scheduling for multi-model federated edge learning,University of Houston,29.7207902,-95.3440627,Harris County,Houston,Texas,United States
325,Zhu Han,Quantum assisted scheduling algorithm for federated learning in distributed networks,Participant selection for hierarchical federated learning in edge clouds,University of Houston,29.7207902,-95.3440627,Harris County,Houston,Texas,United States
326,zhen chen,Storage-Assisted Uploading Method for HFL over Optical AIGC Networks,Participant selection for hierarchical federated learning in edge clouds,Shanghai Jiao Tong University,31.2008912,121.4283949,,Xuhui District,Shanghai,China
